"Guacamole, but make it octopus. 🐙

Not your average appetizer.

Find your nearest location | link in bio 📍",image,https://res.cloudinary.com/dkp42tunc/image/upload/v1776182520/AZ-8_xnffsf.jpg,2026-04-17 4:30 pm
"Guacamole, but make it octopus. 🐙

Not your average appetizer.

Find your nearest location | link in bio 📍",image,https://res.cloudinary.com/dkp42tunc/image/upload/v1776182521/AZ-9_jzcmuf.jpg,2026-04-17 4:30 pm
"Chocolate Lava Cake. 🍫

Warm. Gooey. Vanilla ice cream on top.
Finish strong.

Find your nearest location | link in bio 📍",image,https://res.cloudinary.com/dkp42tunc/image/upload/v1776182587/AZ-89_qdpuh1.jpg,2026-04-20 11:00 am
"Chocolate Lava Cake. 🍫

Warm. Gooey. Vanilla ice cream on top.
Finish strong.

Find your nearest location | link in bio 📍",image,https://res.cloudinary.com/dkp42tunc/image/upload/v1776182587/AZ-90_a3bopv.jpg,2026-04-20 11:00 am
"Cocktail hour. 🌺

Hibiscus and spice. Two glasses, two moods.
Which one are you?

Find your nearest location | link in bio 📍",image,"https://res.cloudinary.com/dkp42tunc/image/upload/c_fill,ar_4:5,g_auto/v1776182553/AZ-47_gijit6.jpg",2026-04-24 4:30 pm
"Cocktail hour. 🌺

Hibiscus and spice. Two glasses, two moods.
Which one are you?

Find your nearest location | link in bio 📍",image,"https://res.cloudinary.com/dkp42tunc/image/upload/c_fill,ar_4:5,g_auto/v1776182556/AZ-48_y9vagf.jpg",2026-04-24 4:30 pm
"Whole Fried Tilapia. 🐠

Crispy outside. Tender inside. Bone-in and proud of it.

Find your nearest location | link in bio 📍",image,https://res.cloudinary.com/dkp42tunc/image/upload/v1776182550/AZ-37_xgfyqs.jpg,2026-04-27 11:00 am
"Whole Fried Tilapia. 🐠

Crispy outside. Tender inside. Bone-in and proud of it.

Find your nearest location | link in bio 📍",image,https://res.cloudinary.com/dkp42tunc/image/upload/v1776182549/AZ-39_keegzb.jpg,2026-04-27 11:00 am
"Whole Fried Tilapia. 🐠

Crispy outside. Tender inside. Bone-in and proud of it.

Find your nearest location | link in bio 📍",image,https://res.cloudinary.com/dkp42tunc/image/upload/v1776182550/AZ-38_flzdse.jpg,2026-04-27 11:00 am
"Whole Fried Tilapia. 🐠

Crispy outside. Tender inside. Bone-in and proud of it.

Find your nearest location | link in bio 📍",image,https://res.cloudinary.com/dkp42tunc/image/upload/v1776182549/AZ-40_vgcguy.jpg,2026-04-27 11:00 am
"Flan. 🍮

Caramel custard, unmolded and perfect.
The one dessert that needs no introduction.

Find your nearest location | link in bio 📍",image,https://res.cloudinary.com/dkp42tunc/image/upload/v1776182589/AZ-97_na3i2l.jpg,2026-05-01 4:30 pm
"Flan. 🍮

Caramel custard, unmolded and perfect.
The one dessert that needs no introduction.

Find your nearest location | link in bio 📍",image,https://res.cloudinary.com/dkp42tunc/image/upload/v1776182590/AZ-98_zaz5fe.jpg,2026-05-01 4:30 pm
"Flan. 🍮

Caramel custard, unmolded and perfect.
The one dessert that needs no introduction.

Find your nearest location | link in bio 📍",image,https://res.cloudinary.com/dkp42tunc/image/upload/v1776182590/AZ-100_xamyhf.jpg,2026-05-01 4:30 pm
"Flan. 🍮

Caramel custard, unmolded and perfect.
The one dessert that needs no introduction.

Find your nearest location | link in bio 📍",image,https://res.cloudinary.com/dkp42tunc/image/upload/v1776182590/AZ-99_zvgyks.jpg,2026-05-01 4:30 pm
"Pick your poison. 🍹

Three handcrafted cocktails. One table. No wrong choice.

Find your nearest location | link in bio 📍",image,https://res.cloudinary.com/dkp42tunc/image/upload/v1776182576/AZ-73_thiefo.jpg,2026-05-04 11:00 am
"Cóctel de Camarón. 🍤

Twenty shrimp. Azteca sauce. Avocado. You're welcome.

Find your nearest location | link in bio 📍",image,https://res.cloudinary.com/dkp42tunc/image/upload/v1776182535/AZ-22_eyjfm3.jpg,2026-05-08 4:30 pm
"Cóctel de Camarón. 🍤

Twenty shrimp. Azteca sauce. Avocado. You're welcome.

Find your nearest location | link in bio 📍",image,https://res.cloudinary.com/dkp42tunc/image/upload/v1776182535/AZ-25_jte17k.jpg,2026-05-08 4:30 pm
"Cóctel de Camarón. 🍤

Twenty shrimp. Azteca sauce. Avocado. You're welcome.

Find your nearest location | link in bio 📍",image,https://res.cloudinary.com/dkp42tunc/image/upload/v1776182537/AZ-23_ispnni.jpg,2026-05-08 4:30 pm
"Cóctel de Camarón. 🍤

Twenty shrimp. Azteca sauce. Avocado. You're welcome.

Find your nearest location | link in bio 📍",image,https://res.cloudinary.com/dkp42tunc/image/upload/v1776182534/AZ-24_p3sn1f.jpg,2026-05-08 4:30 pm
"Cóctel de Camarón. 🍤

Twenty shrimp. Azteca sauce. Avocado. You're welcome.

Find your nearest location | link in bio 📍",image,https://res.cloudinary.com/dkp42tunc/image/upload/v1776182534/AZ-26_g0m9rk.jpg,2026-05-08 4:30 pm
"Churros. 🍩

Four sauces. No sharing required.

Find your nearest location | link in bio 📍",image,https://res.cloudinary.com/dkp42tunc/image/upload/v1776182587/AZ-91_au7j8y.jpg,2026-05-11 11:00 am
"Churros. 🍩

Four sauces. No sharing required.

Find your nearest location | link in bio 📍",image,https://res.cloudinary.com/dkp42tunc/image/upload/v1776182588/AZ-92_ozutny.jpg,2026-05-11 11:00 am
"Carne Asada. 🥩

Thin cut, marinated, grilled right. The classic for a reason.

Find your nearest location | link in bio 📍",image,https://res.cloudinary.com/dkp42tunc/image/upload/v1776182559/AZ-49_lmw8ce.jpg,2026-05-15 4:30 pm
"Carne Asada. 🥩

Thin cut, marinated, grilled right. The classic for a reason.

Find your nearest location | link in bio 📍",image,https://res.cloudinary.com/dkp42tunc/image/upload/v1776182557/AZ-50_cnalmq.jpg,2026-05-15 4:30 pm
"Carne Asada. 🥩

Thin cut, marinated, grilled right. The classic for a reason.

Find your nearest location | link in bio 📍",image,https://res.cloudinary.com/dkp42tunc/image/upload/v1776182558/AZ-51_ya8psi.jpg,2026-05-15 4:30 pm
"Fajita Baked Potato. 🥔🥩

Ribeye, bacon bits, cheese dip, and scallions loaded on top.
We don't do things halfway.

Find your nearest location | link in bio 📍",image,https://res.cloudinary.com/dkp42tunc/image/upload/v1776182574/AZ-68_kbgzmg.jpg,2026-05-18 11:00 am
"Fajita Baked Potato. 🥔🥩

Ribeye, bacon bits, cheese dip, and scallions loaded on top.
We don't do things halfway.

Find your nearest location | link in bio 📍",image,https://res.cloudinary.com/dkp42tunc/image/upload/v1776182574/AZ-70_euepcz.jpg,2026-05-18 11:00 am
"Fajita Baked Potato. 🥔🥩

Ribeye, bacon bits, cheese dip, and scallions loaded on top.
We don't do things halfway.

Find your nearest location | link in bio 📍",image,https://res.cloudinary.com/dkp42tunc/image/upload/v1776182574/AZ-69_kurfn2.jpg,2026-05-18 11:00 am
"Fajita Baked Potato. 🥔🥩

Ribeye, bacon bits, cheese dip, and scallions loaded on top.
We don't do things halfway.

Find your nearest location | link in bio 📍",image,https://res.cloudinary.com/dkp42tunc/image/upload/v1776182574/AZ-71_t9s7lg.jpg,2026-05-18 11:00 am
"Tres Leches. 🍰

Soaked. Topped with cream. Finished with a dehydrated orange.
The sweetest ending.

Find your nearest location | link in bio 📍",image,https://res.cloudinary.com/dkp42tunc/image/upload/v1776182592/AZ-103_lln4yy.jpg,2026-05-22 4:30 pm
"Huevos Rancheros. 🍳

Eggs over easy, red ranchero sauce, rice and beans.
The breakfast that means business.

Find your nearest location | link in bio 📍",image,https://res.cloudinary.com/dkp42tunc/image/upload/v1776182587/AZ-86_revkcr.jpg,2026-05-25 11:00 am
"Huevos Rancheros. 🍳

Eggs over easy, red ranchero sauce, rice and beans.
The breakfast that means business.

Find your nearest location | link in bio 📍",image,https://res.cloudinary.com/dkp42tunc/image/upload/v1776182587/AZ-88_xv0ob7.jpg,2026-05-25 11:00 am
"Huevos Rancheros. 🍳

Eggs over easy, red ranchero sauce, rice and beans.
The breakfast that means business.

Find your nearest location | link in bio 📍",image,https://res.cloudinary.com/dkp42tunc/image/upload/v1776182586/AZ-87_tim5sx.jpg,2026-05-25 11:00 am
"Tilapia a la Mexicana. 🐟

Grilled with onions and tomatoes. Served with all the fixings.

Find your nearest location | link in bio 📍",image,https://res.cloudinary.com/dkp42tunc/image/upload/v1776182542/AZ-32_xesq2k.jpg,2026-05-29 4:30 pm
"Tilapia a la Mexicana. 🐟

Grilled with onions and tomatoes. Served with all the fixings.

Find your nearest location | link in bio 📍",image,https://res.cloudinary.com/dkp42tunc/image/upload/v1776182543/AZ-33_qxhzbx.jpg,2026-05-29 4:30 pm
"Tilapia a la Mexicana. 🐟

Grilled with onions and tomatoes. Served with all the fixings.

Find your nearest location | link in bio 📍",image,https://res.cloudinary.com/dkp42tunc/image/upload/v1776182544/AZ-34_b4quwy.jpg,2026-05-29 4:30 pm
"Fried Ice Cream. 🍦

Ice cream, chocolate, and a buñuelo on the side.
Old school. Still perfect.

Find your nearest location | link in bio 📍",image,https://res.cloudinary.com/dkp42tunc/image/upload/v1776182591/AZ-102_fvg7zn.jpg,2026-06-01 11:00 am
"Steak and Enchilada Combo. 🍳🥩

Carne asada, red enchilada, and a fried egg holding it all together.
This is the one.

Find your nearest location | link in bio 📍",image,https://res.cloudinary.com/dkp42tunc/image/upload/v1776182579/AZ-80_zvsyhs.jpg,2026-06-05 4:30 pm
"Steak and Enchilada Combo. 🍳🥩

Carne asada, red enchilada, and a fried egg holding it all together.
This is the one.

Find your nearest location | link in bio 📍",image,https://res.cloudinary.com/dkp42tunc/image/upload/v1776182581/AZ-81_qkojcx.jpg,2026-06-05 4:30 pm
"Elote. 🌽

Crema. Cotija. Tajín. On a stick.
Street food done right.

Find your nearest location | link in bio 📍",image,https://res.cloudinary.com/dkp42tunc/image/upload/v1776182572/AZ-64_wvdrnx.jpg,2026-06-08 11:00 am
"Dessert menu. 🍮🍦🍫

Flan. Fried ice cream. Lava cake.
Just pick one. (Or don't.)

Find your nearest location | link in bio 📍",image,https://res.cloudinary.com/dkp42tunc/image/upload/v1776182591/AZ-101_vml9bk.jpg,2026-06-12 4:30 pm
"Baja Burrito. 🌯

Stuffed with rice, lettuce, pico, cheese, avocado, and Baja Sauce.
Plus fries, because why not.

Find your nearest location | link in bio 📍",image,https://res.cloudinary.com/dkp42tunc/image/upload/v1776182585/AZ-82_onz2fq.jpg,2026-06-15 11:00 am
"Baja Burrito. 🌯

Stuffed with rice, lettuce, pico, cheese, avocado, and Baja Sauce.
Plus fries, because why not.

Find your nearest location | link in bio 📍",image,https://res.cloudinary.com/dkp42tunc/image/upload/v1776182583/AZ-83_kkmaev.jpg,2026-06-15 11:00 am
"Baja Burrito. 🌯

Stuffed with rice, lettuce, pico, cheese, avocado, and Baja Sauce.
Plus fries, because why not.

Find your nearest location | link in bio 📍",image,https://res.cloudinary.com/dkp42tunc/image/upload/v1776182583/AZ-84_kelcim.jpg,2026-06-15 11:00 am
"Baja Burrito. 🌯

Stuffed with rice, lettuce, pico, cheese, avocado, and Baja Sauce.
Plus fries, because why not.

Find your nearest location | link in bio 📍",image,https://res.cloudinary.com/dkp42tunc/image/upload/v1776182583/AZ-85_v4lfff.jpg,2026-06-15 11:00 am
"Family style. No apologies. 🍽️

Pull up a chair. There's room for everyone.

Find your nearest location | link in bio 📍",image,https://res.cloudinary.com/dkp42tunc/image/upload/v1776182577/AZ-72_duehae.jpg,2026-06-19 4:30 pm
"Homestyle Bacon Jalapeños. 🌶️

Stuffed, wrapped, grilled. Drizzled in Drunk Sauce.

Find your nearest location | link in bio 📍",image,https://res.cloudinary.com/dkp42tunc/image/upload/v1776182528/AZ-15_f2izn4.jpg,2026-06-22 11:00 am
"Homestyle Bacon Jalapeños. 🌶️

Stuffed, wrapped, grilled. Drizzled in Drunk Sauce.

Find your nearest location | link in bio 📍",image,https://res.cloudinary.com/dkp42tunc/image/upload/v1776182527/AZ-16_lrqone.jpg,2026-06-22 11:00 am
"The whole table is eating. 🍽️

Appetizers, mains, cocktails — this is how we do it.

Find your nearest location | link in bio 📍",image,https://res.cloudinary.com/dkp42tunc/image/upload/v1776182531/AZ-20_clpmqw.jpg,2026-06-26 4:30 pm
"Bring the crew. 🔥

When one dish isn't enough. (It never is.)

Find your nearest location | link in bio 📍",image,https://res.cloudinary.com/dkp42tunc/image/upload/v1776182556/AZ-46_cfbiiv.jpg,2026-06-29 11:00 am
"Alambres. 🥩🔥

Steak, chicken, scallop, shrimp — all on the skewer.

Find your nearest location | link in bio 📍",image,https://res.cloudinary.com/dkp42tunc/image/upload/v1776182549/AZ-41_blajgc.jpg,2026-07-03 4:30 pm
"Alambres. 🥩🔥

Steak, chicken, scallop, shrimp — all on the skewer.

Find your nearest location | link in bio 📍",image,https://res.cloudinary.com/dkp42tunc/image/upload/v1776182553/AZ-45_mq33jv.jpg,2026-07-03 4:30 pm
